homeId,facility_name,city,operator_type,existing_phone,website,outreach_email,outreach_phone,contact_role,source_url,confidence,notes
cmqqrkzrx003krlmb8j6jdii1,Merriman,Akron,independent,,http://merrimancc.com/,,(330) 762-9341,Administrator,https://www.merrimancare.com/about,LOW,"Real site is merrimancare.com NOT merrimancc.com; leads Tammy Denton (Admin) + Patience Forster (Admissions/Mktg); contact form only; Lionstone Care"
cmqqrl1l2003srlmbrjcteba5,Rockynol Retirement Community,Akron,independent,,https://ohioliving.org/communities/ohio-living-rockynol,,330.867.2150,Executive Director,https://ohioliving.org/ohio-living-rockynol/contact,LOW,"ED Kara Hanzie (no email); Ohio Living chain; form + main line only"
cmqqrl22v003urlmbeilgewjg,St. Luke Lutheran Community - Portage Lakes,Akron,independent,,https://stlukeportagelakes.org/,,(330) 644-3914,Executive Director,https://www.stllc.org/st-luke-locations/st-luke-portage-lakes.html,LOW,"ED James Whitsel (no verified email); sales/admissions 330-705-8298; form only"
cmqqrkwlr0036rlmbpauvg0ag,The Ridge at Copley,Akron,independent,,,,330-664-1650,Main line,https://www.ridgeatcopley.com/,LOW,"Memory care/respite only (not general AL); Ridgeline Mgmt; site ridgeatcopley.com; form only"
cmqqrl6r1004erlmbc6z3rezj,Amherst Manor Assisted Living,Amherst,independent,(440) 988-4415,https://www.sprengerhealthcare.com/location/amherst-manor/,,(440) 988-4415,Administrator,https://www.sprengerhealthcare.com/location/amherst-manor/,LOW,"Admin Kristen Gollinger (no email); Sprenger corporate-gated; AL arm branded Grace Assisted Living"
cmqqrl9u4004srlmbdlrrxwzh,St. Mary of the Woods,Avon,independent,(440) 937-3111,https://www.sainttherese.org/avon,traceym@sainttherese.org,(440) 937-3111,Sales Director,https://www.sainttherese.org/avon,HIGH,"Tracey Murphy Sales Dir (email verified on Avon page); ED Michael Helco; alt ColleenN@SaintTherese.org"
cmp71kmtc0026lpion3ikc66y,The Gardens of French Creek at Avon Oaks,Avon,independent,,,nsalti@avonoaks.net,(440) 934-5204,Director of Admissions & Marketing,https://avonoaks.net/contact/,HIGH,"Nusrah Salti; AL wing of Avon Oaks Caring Community campus"
cmqqrl7iu004irlmbfb8b7onx,Avenue Assisted Living,Avon Lake,independent,,,JCoe@SprengerHealthCare.com,(440) 930-6700,Regional Dir of Operations (corp),https://www.sprengerhealthcare.com/facility/avenue-assisted-living/,MEDIUM,"Sprenger/Towne Center campus; Jason Coe regional (direct 440-930-6603); no facility-level email"
cmp71kmu0002olpio2i7liyzd,Pleasant Pointe Assisted Living,Barberton,independent,,,teresa@pleasantviewhealthcare.com,330-848-5028,Administrator,https://pleasantviewhealthcare.com/our-team/,HIGH,"Teresa Morris LNHA; Pleasant View Healthcare (Morris family); mktg Christy Green"
cmqqrkk2m001orlmb57q54lec,Menorah Park Center for Senior Living,Beachwood,independent,,,,(216) 831-6500,Main line,https://www.menorahpark.org/,LOW,"No verifiable email; CEO Jim Newbrough; large nonprofit campus"
cmqqrkmww0020rlmbthcvype7,Park East,Beachwood,independent,,,,(216) 831-4303,Main line,https://www.aplaceformom.com/community/park-east-care-and-rehabilitation-center-84420,LOW,"Park East Care & Rehab = SNF/rehab, not standalone AL; affiliated w/ Menorah Park; CONFIRM FIT"
cmql0xbos0006r7jcitqgqhds,Windsor Heights,Beachwood,independent,,https://www.sunshineretirementliving.com/beachwood-retirement-living/,brandy.delp@sunshineret.com,(216) 245-0455,Executive Director,https://www.sunshineretirementliving.com/beachwood-retirement-living/,HIGH,"Brandy Delp ED; general inbox windsorheights@sunshineret.com (MEDIUM fallback); Sunshine Retirement Living"
cmqqrkj50001krlmbx4qkh8jp,Light of Hearts Villa,Bedford,independent,,http://www.lightofheartsvilla.org/,kate.mach@lightofheartsvilla.org,440.232.1991 ext 520,Dir of Admissions & Community Relations,https://lightofheartsvilla.org/staff-leadership/,HIGH,"Kate Mach; alt ED Breanne Cavileer breanne.cavileer@lightofheartsvilla.org; info@lightofheartsvilla.org"
cmql0xbpy000wr7jc65d1gcf7,Jennings at Brecksville,Brecksville,independent,216.581.2900,http://www.jenningsohio.org/,,216.581.2900,Main line / org CMO Lisa Brazytis,https://www.jenningsohio.org/about/leadership,LOW,"PRIOR backfill sarah.barger@jenningsohio.org could NOT be re-verified this pass — keep if already loaded; CMO Lisa Brazytis 216-581-2902 x2297"
cmqqrklyn001wrlmbt6hki35l,Oaks of Brecksville,Brecksville,independent,,https://www.saberhealth.com/locations/oaks-of-brecksville/,,(440) 546-0643,Main line (corp),https://saberhealth.com/location/oaks-of-brecksville,LOW,"Saber Healthcare; primarily SNF/rehab; corporate form only; CONFIRM AL fit"
cmp71kmrc000glpioqhgc94ze,East Park Memory Care Facility,Brook Park,independent,,,,(216) 267-7067,Main line,https://carelistings.com/assisted-living-homes/brook-park-oh/east-park-memory-care-facility/5acd025aa71d8c15cf691fda,LOW,"30-bed RCF/memory care; no site/email; likely tied to East Park Retirement (Lionstone)"
cmqqrkcj0000srlmb0uinhguv,East Park Retirement Community,Brook Park,independent,,https://eastparkliving.com/,,(216) 267-7229,Main line / admissions,https://www.eastparkliving.com/contact,LOW,"Lionstone Care; phone/form only; alt admin 877-934-3200"
cmqqrlj1d005wrlmbx41n0lck,Plum Creek Assisted Living,Brunswick,independent,(330) 220-4900,http://www.plumcreekseniorliving.com/,,(330) 220-4900,Business office,https://plumcreekseniorliving.com/contact/,LOW,"Site email Cloudflare-obfuscated; aggregators show contact@plumcreekseniorliving.com (UNVERIFIED); veteran-owned independent"
cmqqrlo85006krlmbl79j6l27,Eliza at Chagrin Falls,Chagrin Falls,independent,,,alovano@elizajen.org,440.543.4221,Executive Director,https://elizajennings.org/leadership/,HIGH,"Andrew Lovano ED; elizajen.org domain; part of Eliza Jennings; 16695 Chillicothe Rd"
cmqqrlolz006mrlmbzr76245a,Hamlet at Chagrin Falls,Chagrin Falls,independent,(440) 297-2107,https://hamletretirement.com/,,(440) 297-2107,Sales/Marketing line,https://hamletretirement.com/contact-us/,LOW,"Dir Sales/Mktg Nadine Hoffman (email masked, unverified); JS contact form only"
cmp71kmsp001mlpiot2a118ng,South Franklin Circle,Chagrin Falls,independent,,,communications@judsonsmartliving.org,440-457-8280,Business office (Judson general inbox),https://judsonsmartliving.org/south-franklin-circle-contact/,MEDIUM,"Judson CCRC; ED role currently open; general inbox verified via search"
cmp71kmsr001olpiojeaysaqf,The Residence of Chardon,Chardon,independent,(440) 901-1696,https://www.sonidaseniorliving.com/community/the-residence-of-chardon/,,(440) 901-1696,Main line (Sonida corp),https://www.sonidaseniorliving.com/community/the-residence-of-chardon/,LOW,"Sonida chain corporate-gated; no verifiable email; alt community line (440) 586-3126 — confirm correct number"
cmp71kms50014lpiooje7mtml,Algart Health Care,Cleveland,independent,,,info@algart.com,(216) 631-1550,Business Office,https://www.algarthealthcare.com/contact-us,MEDIUM,"info@algart.com + admissions@algart.com verified (domain algart.com); no named ED; 8902 Detroit Ave"
cmqqrkd2h000urlmbsoe33ysh,Eliza Jennings,Cleveland,independent,216.226.5000,http://elizajennings.org/,lfluhart@elizajen.org,216.226.5000,Executive Director,https://elizajennings.org/leadership/,HIGH,"Lisa Fluhart ED of Eliza Jennings Health Campus; CEO rboyson@elizajen.org for escalation"
cmp71kmre000ilpion9d442k6,Judson Manor,Cleveland,independent,,,communications@judsonsmartliving.org,(216) 791-2004,Business office (Judson general inbox),https://judsonsmartliving.org/judson-manor-contact/,MEDIUM,"Judson CCRC 1890 E 107th St; sales via (216) 791-2555"
cmp71kmr9000elpiozlpku0wq,Singleton Health Care Center,Cleveland,independent,,,tbruno@singletonhcc.com,(216) 231-8467 ext 110,Admissions / Tour contact,https://www.singletonhcc.com/contact-us,HIGH,"Live site singletonhcc.com (was 'no website'); family-owned; general inbox also exists; main 216-231-8467"
cmqqrknr10024rlmb501ezhjk,St. Augustine Towers,Cleveland,independent,216.634.7444,https://staugministries.org/health-campus/towers-assisted-living/,,216.634.7444,Executive Director (unverified),https://staugministries.org/health-campus/towers-assisted-living/,LOW,"Form-only; ED 'Anita Gerrasch' from 3rd-party listing, unverified, no email; campus line 216.634.7400"
cmqqrkggg0018rlmb9ql5qbwx,Judson Park,Cleveland Heights,independent,(216) 532-1350,https://www.judsonsmartliving.org/judson-park/,communications@judsonsmartliving.org,(216) 532-1350,Business office (Judson general inbox),https://www.judsonsmartliving.org/about/executive-leadership/,MEDIUM,"Best-fit named: Jim Barnes (VP Judson Park) + Dianna Huckestein (VP Sales & Mktg); no individual emails public"
cmqqrl0o0003orlmbeqrxs6vn,National Church Residences Portage Trail Village,Cuyahoga Falls,independent,330-929-4227,https://www.nationalchurchresidences.org/communities/portage-trail-village/,,330-929-4227,"Administrator (Brandy Gemind, unverified)",https://www.nationalchurchresidences.org/communities/portage-trail-village/about-us/,LOW,"Corporate non-profit (NCR, Columbus HQ); no site email; marketing decisions corporate-gated"
cmqqrk6w70004rlmbkayh2vk2,A.M. McGregor Home,East Cleveland,independent,,,,(216) 851-8200,President/CEO Ann Conn / form,https://mcgregoramasa.org/contact-us/,LOW,"Live site mcgregoramasa.org (was 'no website'); contact email Cloudflare-obfuscated; McGregor Amasa, 14900 Private Dr"
cmqqrl6a7004crlmbcqkvc8ey,Abbewood Assisted Living,Elyria,independent,(440) 366-8980,https://www.centurypa.com/senior-living/abbewood-retirement,,(440) 366-8980,Executive Director (Terri Hodgeman) / Sales Dir Kirk Swauger,https://www.centurypa.com/senior-living/abbewood-retirement/contact,LOW,"Named via LinkedIn; no published email; Century Park corporate (form/phone only)"
cmqqrlabj004urlmbr9tl955q,Wesleyan Village,Elyria,independent,440-284-9000,https://villageliving.org/,,440-284-9000,Community Manager (Melissa Rogers) / business office,https://villageliving.org/contact-elyria/,LOW,"United Church Homes affiliate; phone + form only, no published email"
cmp71kmsc001alpioawg1lbup,Hilltop Village Assisted Living,Euclid,independent,216-261-8383,http://www.hilltopvillage.com/,info@hilltopvillage.com,216-261-8383,Business office (general inbox),https://www.hilltopvillage.com/contact-us/,MEDIUM,"Email + main line confirmed on official contact page; no named decision-maker published"
cmqqrl4eo0044rlmb71t9hfnw,Village at St. Edward,Fairlawn,independent,,http://vsecommunities.org/,,330-668-2828,Director Admissions & Marketing (Madison Radke),https://vsecommunities.org/contact/,LOW,"Domain @vsecommunities.org confirmed exists; Madison Radke = decision-maker but personal email not published; nursing line 330-666-1183"
cmqqrkjm9001mrlmb9umruvps,Marymount Place,Garfield Heights,independent,,https://marymounthcs.org/,info@marymounthealth.org,216-332-1100,Business office (general inbox),https://villageatmarymount.org/contact-us/,MEDIUM,"Part of Village at Marymount (Nightingale); email from search snippet — confirm on first send"
cmqqrlnf5006grlmbkc457lxs,Pines at Brooks House,Hiram,independent,,,,440-834-0260,Facility main line / administrator,https://www.aplaceformom.com/community/the-pines-at-brooks-house-161148,LOW,"No official website; ~42 AL units, Geauga County; aggregator listings only; no email"
cmqqrkt7m002srlmbv9kt8po5,Crown Center at Laurel Lake,Hudson,independent,330-650-0681,http://www.laurellake.org/,info@laurellake.org,330-650-0681,Main inbox / admissions,https://www.laurellake.org/contact-us,MEDIUM,"Crown Center = SNF/rehab arm of Laurel Lake CCRC; admissions 330-655-1451; general inbox verified via search"
cmqqrkuns002yrlmb13y1glzr,Gables of Hudson,Hudson,independent,,,,(330) 653-9170,Executive Director (Katrese Barta Strong),https://www.hudsongrandeseniorliving.com/our-team/,LOW,"REBRANDED → Hudson Grande Senior Living (Arrow); Sr Living Dir Breana Lewis; tour-form only, no public email"
cmqqrky1c003crlmbocgnuoq2,Heritage of Hudson,Hudson,independent,330.650.0023,http://www.heritageofhudson.net/,,330.650.0023,Administrator (Karen Ginder),https://www.heritageofhudson.net/contact,LOW,"Skilled nursing/rehab (Foundations Health); captcha form only; CONFIRM AL fit"
cmp71kmty002mlpion9nyi9d2,The Elms Assisted Living,Hudson,independent,330-650-0436,https://hudsonelms.com/,,330-653-8449,Administrator / business office,https://www.hudsonelms.com/contact/,LOW,"Now Hudson Elms Skilled Nursing & Rehab (AOM); only email exposed is careers inbox HDApplicants@aomhc.com — DO NOT use; admissions line 330-650-0436"
cmp71kmrw000wlpio9x0ngnu6,Lakewood Health Care Center,Lakewood,independent,,,,216-226-3858,Business office / administrator,https://www.seniorhousingnet.com/seniorliving-detail/lakewood-health-care-center_13315-detroit-ave_lakewood_oh_44107-551591,LOW,"13315 Detroit Ave; no official site; verify line live; do NOT conflate w/ O'Neill Lakewood"
cmqqrl8hf004mrlmbvsxilf5r,Elmcroft of Lorain,Lorain,independent,,,contact@sinceriseniorliving.com,(440) 960-2813,Executive Director (via Sinceri corporate),https://sinceriseniorliving.com/lorain-estates/,MEDIUM,"REBRANDED → Lorain Estates Senior Living (Sinceri); open; corporate general inbox"
cmqqrkhpb001erlmb83zsyyhk,Heritage of Lyndhurst,Lyndhurst,independent,,,info@heritage-rc.com,440-460-1000,Business office,https://heritage-rc.com/heritage-of-lyndhurst-lyndhurst-assisted-living,MEDIUM,"Formerly Regent of Lyndhurst; Heritage Retirement Communities org-wide inbox (NOT same org as Heritage of Hudson)"
cmqqrkpl2002crlmbhj7ksqix,Avenue at Macedonia,Macedonia,independent,(330) 748-8800,https://www.avenueatmacedonia.com/,,(330) 748-8800,Business office / admissions,https://www.avenueatmacedonia.com/contact/contact-us,LOW,"Skilled nursing & rehab, NOT assisted living; recaptcha form only; CONFIRM FIT"
cmqqrl4xl0046rlmbmbb0aj2d,Summit Corners,Macedonia,independent,,,,(330) 752-4576,Corporate (Sonida) — local ED,https://www.sonidaseniorliving.com/community/summit-corners/,LOW,"IS a Sonida site (was 'no website'); AL + Magnolia Trails memory care; corporate-gated"
cmqqrl31f003yrlmbfyjufxpr,Summit Point,Macedonia,independent,(330) 752-4576,https://www.sonidaseniorliving.com/community/summit-point/,,(330) 752-4576,"Executive Director (Russell Elmore, Sonida)",https://www.sonidaseniorliving.com/community/summit-point/,LOW,"Named ED Russell Elmore (LinkedIn), no email; Sonida corporate-gated; verify line (alt 330-468-4200)"
cmqqrleah005crlmbqbcz3m0s,Lantern of Madison,Madison,independent,,,info@meadowfallsseniorliving.com,(440) 428-2664,General / business office,https://meadowfallsseniorliving.com/contact/,MEDIUM,"REBRANDED → Meadow Falls of Madison (Meadow Falls Senior Living); AL+MC; small regional chain — likely claim-receptive"
cmqqrki6j001grlmbevwl3hue,Landerbrook Transitional Care,Mayfield Heights,independent,,,,(440) 443-0345,Administrator / business office,https://www.medicarelist.com/nursing-home/landerbrook-transitional-care-mayfield-heights-oh/,LOW,"Skilled nursing/rehab (54 beds), NOT AL — likely wrong category, FLAG; no site/email"
cmql0xbpm000or7jc7oqp9ume,The Ashton at Mayfield Heights,Mayfield Heights,independent,(440) 745-7345,https://www.sonidaseniorliving.com/community/the-ashton-at-mayfield-heights/,,(440) 745-7345,Corporate (Sonida) — local ED,https://www.sonidaseniorliving.com/community/the-ashton-at-mayfield-heights/,LOW,"Sonida (formerly Anthology); AL+MC; corporate-gated, no verifiable email"
cmqqrkelr0010rlmb31twn3af,Governor's Village,Mayfield Village,independent,440-797-3529,https://www.storypoint.com/community/governors-village-oh/,,440-797-3529,"Director of Sales & Marketing (Gigi Harrison, StoryPoint)",https://www.storypoint.com/community/governors-village-oh/,LOW,"Named decision-maker Gigi Harrison (no email); StoryPoint chain; verify main line (alt 440-449-8788)"
cmqqrlhn9005qrlmbdh0rhweq,Broadway Creek Senior Living,Medina,independent,,,,(330) 764-3877,Executive Director (unnamed) / corporate,https://sinceriseniorliving.com/broadway-creek/,LOW,"Sinceri chain; 1046 N Jefferson St; routes to lead line 800-755-1458; phone-only"
cmp71kmtg002alpiozzqfd298,Samaritan Villa,Medina,independent,,,,(330) 725-4123,Business office / Administrator,https://ahfohio.com/samaritan-care-center-and-villa/,LOW,"= Samaritan Care Center and Villa (AHF Ohio); no email/named admin published"
cmqqrlgra005mrlmbn1qbtn2q,Traditions of Medina,Medina,independent,,,,(330) 723-0110,Sales/Marketing Director (unnamed),https://traditionsofmedina.com/,LOW,"FKA Brookdale Medina South; AL + Varietas memory care; JS contact form only"
cmqqrlkvq0064rlmb8spz5fvp,Western Reserve Masonic Community,Medina,independent,1-330-642-3816,https://omcoh.org/wrmc/,,1-330-642-3816,President / Community Relations,https://omcoh.org/wrmc/,LOW,"Ohio Masonic Communities; Kimberly Valco = Community Relations Mgr; form only"
cmp71kmt1001wlpiomelyl3f6,Governor's Pointe,Mentor,independent,,,,(440) 951-6363,"Executive Director (Nicole Steigauf, unconfirmed)",https://www.randallresidence.com/senior-living/oh/mentor/hendricks-road/meet-our-team,LOW,"Randall Residence chain; 8506 Hendricks Rd; emails masked (n***@randallresidence.com)"
cmp71kmrr000slpioghm04stn,Parkside Villa,Middleburg Heights,independent,,,,(440) 260-7626,Business office / Administrator,https://parksidevillaohio.com/contact-us/,LOW,"Legacy Health Services; 7040 Hepburn Rd; main + form only, no email"
cmqqrlmby006arlmbyyuhra21,Briarcliff Manor,Middlefield,independent,440-632-5241,https://www.ohmanfamilyliving.com/briar,info@ohmanfamilyliving.com,440-632-5241,General office / owner-operators,https://www.ohmanfamilyliving.com/contact/,MEDIUM,"= Ohman Family Living at Briar; DUPLICATE of chain row 'Ohman Family Living at Briar' — MERGE; family-owned (George & Anderson Ohman)"
cmqqrl08g003mrlmbczapzk5t,Mulberry Gardens,Munroe Falls,independent,,https://sinceriseniorliving.com/mulberry-gardens-al,mulberrygardenssl@SinceriSL.com,(330) 634-9919,Site general inbox (Sinceri-managed),https://sinceriseniorliving.com/mulberry-gardens-al/,MEDIUM,"Verified site-level inbox; Sinceri; 395 S Main St; no named ED email"
cmqqrlmnv006crlmb18mwhnq5,Holly Hill,Newbury,independent,(440) 338-8220,https://www.ohmanfamilyliving.com/holly/,info.holly@ohmanfamilyliving.com,(440) 338-8220,Site general inbox (Ohman Family Living),https://www.ohmanfamilyliving.com/holly/,MEDIUM,"= Ohman Family Living at Holly; 10190 Fairmount Rd; verified general inbox"
cmqqrk8gb000arlmbus2smrdh,Athenian Assisted Living,North Royalton,independent,,,,(440) 877-1900,Main business line,https://www.yelp.com/biz/athenian-assisted-living-north-royalton,LOW,"12799 Doula Ln, 100-bed RCF; no site/email; distinct from 'Athenian Village' on Alexandra Dr"
cmqqrl9dm004qrlmb5ikjadi1,Kendal at Oberlin,Oberlin,independent,440.775.0094,https://kao.kendal.org/,,440.775.0094,Director Marketing/Admissions (Maggie Stark),https://kao.kendal.org/about/leadership-team/,LOW,"Named: Maggie Stark + Terry Kovach (Sales); admissions email Cloudflare-obfuscated; admissions line 800-548-9469"
cmp71kms70016lpioahtq3nc0,Village of the Falls,Olmsted Falls,independent,(440) 235-7590,https://www.sprengerhealthcare.com/location/village-of-the-falls/,,(440) 235-7590,Administrator (Heather Johnson),https://www.sprengerhealthcare.com/location/village-of-the-falls/,LOW,"Sprenger corporate-gated; named admin Heather Johnson, no email; 25920 Elm St"
cmqqrld040056rlmb4iock17a,Homestead I,Painesville,independent,,https://www.saberhealth.com/locations/homestead-ii/,,(440) 357-6181,Main business line,https://www.seniorhousingnet.com/seniorliving-detail/homestead-i_164-liberty-st_painesville_oh_44077-540755,LOW,"DISTINCT from Homestead II; 164 Liberty St, 53 AL units; operator Cleveland Healthcare Group; Saber URL on file is the WRONG record"
cmqqrldgq0058rlmbahw9t2ww,Homestead II,Painesville,independent,,https://www.saberhealth.com/locations/homestead-ii/,,(440) 352-0788,Facility main line (Saber SNF),https://saberhealth.com/location/homestead-ii,LOW,"Saber SNF; 60 Wood St; corporate web form only; no published staff email"
cmqqrlduv005arlmbdnu2e1ft,Ivy House Assisted Living,Painesville,independent,,http://magnoliaresidencepainesvilleoho.com/,,440-354-2131,General office line,https://ivyhouseassistedliving.com/,LOW,"Real site ivyhouseassistedliving.com (magnoliaresidence URL on file is STALE/WRONG — NOT a rebrand); 308 S State St; JS shell, no email"
cmp71kms20012lpio48imlm3b,Mount Alverna Village,Parma,independent,(440) 843-7800,https://www.franciscanministries.org/mount-alverna-village/,,(440) 843-7800,Executive Director (Patrick Welsh),https://franciscanministries.org/mount-alverna-village/contact-us/,LOW,"Franciscan Ministries; named ED Patrick Welsh + mktg Beth Baszuk; emails redacted/unverified"
cmp71kmrh000klpiouf5sm5rk,Pleasant Lake Villa,Parma,independent,,,info@lhshealth.com,440-842-2273,Corporate general inbox (Legacy Health Services),https://lhshealth.com/pleasant-lake-villa/,MEDIUM,"LHS chain; admissions line 440-842-2273; 7260 Ridge Rd; (reported main 440-842-5100 collides w/ Park Creek — verify)"
cmqqrkmfc001yrlmbricdyolo,Park Creek Center,Parma Heights,independent,(440) 842-5100,http://www.parkcreekretirement.com/,,(440) 842-5100,General office line,https://www.parkcreekretirement.com/contact-us,LOW,"Independent since 1988; 10064 N Church Dr; staff/contact pages publish no names/emails; form only"
cmp71kmu3002qlpiotu28xwej,Regina Health Center,Richfield,independent,330-659-4161,http://www.reginahealthcenter.org/,,330-659-4161,Executive Director (Mark Yantek),https://www.reginahealthcenter.org/contact-us/,LOW,"Sisters of Charity Health System; named ED Mark Yantek; form-only, email redacted/unverified"
cmqqrl14z003qrlmby7e8l0rl,Renaissance Assisted Living,Richfield,independent,330-313-7000,https://www.renaissanceassistedliving.net/,info@renaissanceofrichfield.com,330-313-7000,General / business office,https://www.renaissanceassistedliving.net/contact,MEDIUM,"Owners Jill & Jeff Risner; email domain renaissanceofrichfield.com differs from site domain; ED first name Kim"
cmqqrkfhn0014rlmbtqruq6x2,Harbor Court Retirement Community,Rocky River,independent,,,info@meadowfallsseniorliving.com,440-356-2282,Corporate general inbox (Meadow Falls),https://meadowfallsseniorliving.com/contact/,MEDIUM,"REBRANDED → Meadow Falls of Rocky River, 22900 Center Ridge Rd; DUPLICATE of chain row 'Meadow Falls of Rocky River' — MERGE"
cmqqrkezr0012rlmbafv7zu32,HarborChase of Shaker Heights,Shaker Heights,independent,,,,216-238-0803,Corporate-gated (form-only),https://www.storypoint.com/community/shaker-heights-oh/contact/,LOW,"REBRANDED → StoryPoint Shaker Heights, 17000 Van Aken Blvd; OPEN; main 216-293-4263; no email"
cmqqrkp57002arlmbvqnyq71f,The Woodlands of Shaker Heights,Shaker Heights,independent,,,info@heritage-rc.com,216-751-0930,Corporate general inbox (Heritage Retirement Communities),https://woodlandsbyhrc.com/contact-us/,MEDIUM,"16333 Chagrin Blvd; same operator as Heritage of Lyndhurst; NOTE shares address/phone w/ 'Sunrise at Shaker Heights' chain row — verify dup"
cmqqrksqq002qrlmb136umd2o,Cherry Creek Acres,Stow,independent,,,,330-686-7100,Business office (Stow-Glen Inc.),https://npino.com/assisted-living/1346654829-cherry-creek-acres/,LOW,"Under Stow-Glen Inc.; shares office line; stowglen.com domain PARKED/dead — no deliverable email"
cmqqrl2jy003wrlmbpra2g4qd,Stow Glen Assisted Living,Stow,independent,,,,330-686-7100,Business office (Stow-Glen Retirement Village),https://www.aplaceformom.com/community/stow-glen-retirement-village-65909,LOW,"= Stow-Glen Retirement Village, 4285 Kent Rd; OPEN; stowglen.com PARKED so @stowglen.com emails DEAD; ask for Chrissy Blanton (Admissions)"
cmqqrkq2y002erlmbedkk2hfa,The Briarwood Healthcare Community,Stow,independent,,,,(330) 688-1828,Executive Director / main office,https://thebriarwood.com/contact-us.html,LOW,"OPEN CCRC, 3700 Englewood Dr Stow (SNF + AL); ED unnamed; contact email JS/spambot-protected"
cmqqrl3xy0042rlmbu1di0myn,Tallmadge Senior Living,Tallmadge,independent,330-331-6257,https://www.storypoint.com/community/tallmadge-oh/,,330-331-6257,Community Specialist / sales,https://storypoint.com/community/tallmadge-oh/contact/,LOW,"Now branded Danbury Tallmadge (StoryPoint); lead-form funnel; community main 330-247-1875; no email"
cmp71kmu9002ulpioyuv8hf5x,Canterbury Commons,Twinsburg,independent,(330) 405-6040,https://www.inspirahealthgroup.com/senior-care-facility-locations/canterbury-twinsburg-ohio/,,(330) 405-6040,"Administrator (Valerie Foy, LNHA)",https://www.inspirahealthgroup.com/senior-care-facility-locations/canterbury-twinsburg-ohio/,LOW,"Named admin Valerie Foy; Inspira Health Group, no email exposed; 9928 Vail Dr — SAME address as 'Legacy Place - Twinsburg' chain row; verify dup"
cmqqrkx4b0038rlmbhg2z1txf,Greenview Senior Assisted Living,Uniontown,independent,330-899-0404,http://www.greenviewinn.com/,,330-899-0404,Business office,http://www.greenviewinn.com/contact.html,LOW,"OPEN, 4000 Massillon Rd; tour-request form; info/admissions 877-934-3200"
cmqqrli42005srlmb0rd3pdrk,Inn at Coal Ridge,Wadsworth,independent,,,contact@innatcoalridge.com,(330) 334-1546,General / business inbox,https://www.innatcoalridge.com/contact,MEDIUM,"Officially 'The Inn at CoalRidge'; 1300 CoalRidge Pkwy; verified inbox; AL waiver currently closed to new residents"
cmqqrlikp005urlmbirf806mo,Liberty Residence Holdings,Wadsworth,independent,,,lmiller@woodlandsofliberty.com,(330) 336-3616,Administrator (L. Miller),https://www.seniorlivingguide.com/communities/liberty-residence-250-smokerise-dr-wadsworth-oh-44281/,MEDIUM,"= Liberty Residence / Woodlands of Liberty, 250 Smokerise Dr; named email directory-sourced + domain-consistent (woodlandsofliberty.com); resident line 330-331-6675"
cmqqrlji1005yrlmb0sq7gzjf,Sanctuary Wadsworth,Wadsworth,independent,330.335.1558,http://www.sanctuaryhealthnetwork.com/,kristie.burss@sanctuaryhealthnetwork.com,330.335.1558,Tour / Admissions coordinator (Kristie Burss),https://sanctuaryhealthnetwork.com/wadsworth-campus-staff/,HIGH,"Sanctuary Health Network; 365 Johnson Rd; named admissions contact who routes marketing decisions"
cmp71kmte0028lpiowpsf6mor,Wadsworth Pointe,Wadsworth,independent,,,,(330) 336-1141,Administrator / ED (unnamed),https://saberhealth.com/location/wadsworth-pointe-assisted-living,LOW,"Saber Healthcare; 540 Great Oaks Trl; SNF + AL; corporate-gated, no email"
cmp71kmt70022lpio19gj0zxb,Elms Retirement Village,Wellington,independent,,,,(440) 647-2414,Administrator (unnamed),https://www.sprengerhealthcare.com/location/elms-retirement-village/,LOW,"Sprenger; 136 S Main St Wellington; AL + SNF; corporate-gated"
cmqqrk8xx000crlmbtl4lnkuw,Belvedere of Westlake,Westlake,independent,,,ColleenN@SaintTherese.org,(440) 835-4000,Community / sales contact,https://www.sainttherese.org/westlake,MEDIUM,"REBRANDED → Saint Therese of Westlake (acquired ~May 2025); same address 29591 Detroit Rd + phone; tamihl@sainttherese.org for tours; UPDATE listing name"
cmqqrkc4w000qrlmbqrgzwpfk,Devon Oaks,Westlake,independent,216.226.5000,http://elizajennings.org/,kcolby@elizajen.org,(216) 226-5000,Executive Director (Kelly Colby),https://elizajennings.org/leadership/,HIGH,"Eliza Jennings community; Kelly Colby ED verified on leadership page; community site devonoaks.elizajennings.org"
cmqqrles0005erlmbl17xexe1,Nason Center of Breckenridge Village,Willoughby,independent,,https://ohioliving.org/communities/ohio-living-breckenridge-village,,(440) 942-4342,Administrator (unnamed),https://ohioliving.org/ohio-living-breckenridge-village/contact,LOW,"Health center on Ohio Living Breckenridge campus; SAME campus + phone as Ohio Living Breckenridge Village — possible DUPLICATE; form only"
cmp71kmt3001ylpio15cx3euh,Ohio Living Breckenridge Village,Willoughby,independent,,https://ohioliving.org/communities/ohio-living-breckenridge-village,,(440) 942-4342,Executive Director (seat in transition),https://ohioliving.org/ohio-living-breckenridge-village/contact,LOW,"Ohio Living CCRC, 36851 Ridge Rd; ED seat possibly open — confirm by phone; same campus as Nason Center"
cmqqrlfp8005irlmb6hnte9bh,Van Gorder Manor,Willoughby,independent,,,,(440) 946-5213,Owner / Administrator (unnamed),https://www.aplaceformom.com/community/van-gorder-manor-65804,LOW,"Small 25-bed independent AL (converted mansion), 37819 Euclid Ave; no website/email; good phone-claim candidate"
cmp71kmu6002slpio3rpxs9gv,Arden Courts (Bath),Akron,chain,330-771-9475,https://www.arden-courts.com/communities/bath,,330-668-6889,Community main line (memory care),https://www.arden-courts.com/communities/bath,LOW,"Post-ProMedica ownership; form/advisor only; existing 330-771-9475 ≠ site 330-668-6889 — verify; legacy promedica.org inbox defunct"
cmqqrkqwf002irlmbc9lqw5x7,Brookdale Bath,Akron,chain,,https://meadowfallsseniorliving.com/meadow-falls-of-bath/,info@meadowfallsseniorliving.com,(330) 666-7011,Community general inbox (Meadow Falls),https://meadowfallsseniorliving.com/bath/,MEDIUM,"REBRANDED → Meadow Falls of Bath; admissions/tours 330-472-3720; chain-wide inbox; update name"
cmqqrkrcl002krlmbbi5altj8,Brookdale Montrose,Akron,chain,330-666-4545,https://www.brookdale.com/en/communities/brookdale-montrose.html,,330-666-4545,Executive Director (Mike Burin),https://www.brookdale.com/en/communities/brookdale-montrose.html,LOW,"ED Mike Burin (no email); Brookdale corporate-gated; 100 Brookmont Rd"
cmqqrl5ef0048rlmbh09wkzu9,Vitalia Montrose,Akron,chain,(330) 665-3733,https://vitaliamontrose.com/,,(330) 665-3733,ED John McAninch / Sr Living Dir Katie Tanner,https://vitaliamontrose.com/our-team/,LOW,"Named ED + sales dir (Arrow/Omega); forms only; actually in Copley 44321"
cmqqrl8wv004orlmbr56d2gtu,Independence Village of Avon Lake,Avon Lake,chain,440-930-7100,https://storypoint.com/community/avon-lake-oh/,,440-930-7100,Community Specialist (sales),https://storypoint.com/community/avon-lake-oh/contact/,LOW,"StoryPoint; form/phone only; 345 Lear Rd"
cmqqrllcu0066rlmbvt6rsoie,Arden Courts of Chagrin Falls,Bainbridge,chain,440-588-3802,https://www.arden-courts.com/communities/chagrin-falls,,440-588-3802,Community main line (memory care),https://www.arden-courts.com/communities/chagrin-falls,LOW,"Post-ProMedica; form/advisor only; 8100 Washington St Bainbridge; promedica.org line is complaint-only"
cmqqrkqja002grlmbkm2gfnvo,Brookdale Barberton,Barberton,chain,,,,330-848-4200,Community general line,https://www.aplaceformom.com/community/barberton-pointe-senior-living-65903,LOW,"REBRANDED → Barberton Pointe Senior Living (Sinceri); 487 Austin Dr; UPDATE name; verify phone on call"
cmqqrkkkp001qrlmbjagomjv1,O'Neill Healthcare Bay Village,Bay Village,chain,440-808-5500,https://oneillhc.com/,Dir.sales@oneillhc.com,440-808-5500,Director of Sales (O'Neill chain inbox),https://oneillhc.com/locations/bay-village/,MEDIUM,"O'Neill chain sales inbox covers all campuses; 605 Bradley Rd; building line 440-871-3474"
cmql0xbov0008r7jcgq2lih67,Beachwood Commons,Beachwood,chain,(216) 295-1700,https://npseniorliving.com/communities/beachwood-commons/,info@npseniorliving.com,216-295-1700,Corporate/community inbox (New Perspective),https://npseniorliving.com/contact-us/,MEDIUM,"NP Senior Living; 3995 Green Rd; replaces prior low-confidence email in DB"
cmql0xbon0004r7jcw4vdrrsv,Rose Senior Living Beachwood,Beachwood,chain,216-342-3200,https://beachwood.roseseniorliving.com/,,216-342-3200,Community main line (ED Schonda Grays),https://beachwood.roseseniorliving.com/contact/,LOW,"Rose/Atria-managed; 23611 Harvard Rd; ED Schonda Grays direct 216-342-3062; form only, no email"
cmqqrk9cz000erlmbnqt13awu,Generations Senior Living of Berea,Berea,chain,,,,440-243-9050,Community main line,https://www.generationshcm.com/berea-ohio-assisted-independent-living,LOW,"Generations Healthcare Mgmt (family-owned); 4 Berea Commons; tour line 440-252-0070; form only"
cmqqrkbn2000orlmbh8i5fbax,Danbury Senior Living Broadview Heights,Broadview Heights,chain,440-577-5206,https://www.storypoint.com/community/broadview-heights-oh/,marketing@csig.com,440-577-5206,Corporate marketing inbox (StoryPoint/CSIG),https://www.storypoint.com/community/broadview-heights-oh/,MEDIUM,"9500 Broadview Rd; ED Felicia Sillman (unverified); corporate inbox fallback"
cmqqrlh7w005orlmbdrwzx02f,Danbury Brunswick,Brunswick,chain,330-302-2588,https://www.storypoint.com/community/brunswick-oh/,marketing@csig.com,330-302-2588,Corporate marketing inbox (StoryPoint/CSIG),https://www.storypoint.com/community/brunswick-oh/contact/,MEDIUM,"3430 Brunswick Lake Pkwy; tour line 330-460-4244"
cmqqrln04006erlmbpae67m2d,Maplewood at Heather Hill,Chardon,chain,,,maplewoodinfo@maplewoodsl.com,440-285-3300,Corporate general inbox (Maplewood),https://www.maplewoodseniorliving.com/chardon-oh/,MEDIUM,"Website EXISTS (was 'no website'); aka Maplewood at Chardon; 12350 Bass Lake Rd; chain-wide inbox"
cmp71kmse001clpiofgsupc5e,Arden Courts (Parma),Cleveland,chain,440-616-7879,https://www.arden-courts.com/communities/parma,ParmaArdenCourts@promedica.org,440-886-5858,Community general inbox (legacy),https://www.arden-courts.org/locations/arden-courts-promedica-memory-care-community-parma/,LOW,"VERIFY — promedica.org is legacy ProMedica domain, may be defunct post-exit; community main 440-886-5858 (existing 440-616-7879 is WRONG); 9205 W Sprague Rd memory care"
cmp71kmsa0018lpiojjzghsq0,O'Neill Healthcare Lakewood,Cleveland,chain,440-808-5500,https://www.oneillhc.com/,Dir.sales@oneillhc.com,440-808-5500,Director of Sales (O'Neill chain inbox),https://oneillhc.com/locations/lakewood/,MEDIUM,"13900 Detroit Ave; Marketing Dir Courtney Navratil; chain sales inbox"
cmp71kmts002ilpio1a0nijb7,Concordia at Sumner,Copley,chain,330-664-1289,https://concordialm.org/locations/concordia-at-sumner/,,330-664-1289,ED Gregory Macpherson / Mktg Dir Rowena Wilkins,https://concordialm.org/locations/concordia-at-sumner/,LOW,"Concordia Lutheran Ministries; named ED + mktg dir, no verifiable email; 970 Sumner Pkwy; corp 330-664-1000"
cmqqrksal002orlmbe2c3og4s,Cardinal Retirement Village,Cuyahoga Falls,chain,(330) 928-7888,http://www.cardinalretirement.com/,,(330) 928-7888,Executive Director (Elizabeth Applegate),http://www.cardinalretirement.com/,LOW,"171 Graham Rd; Titan SenQuest mgmt; masked email only, not verifiable"
cmp71kmtv002klpio0b5064xx,Cuyahoga Falls Danbury Woods,Cuyahoga Falls,chain,330-975-2525,https://www.storypoint.com/community/cuyahoga-falls-oh/,,330-975-2525,Community Specialist (StoryPoint),https://www.storypoint.com/community/cuyahoga-falls-oh/contact/,LOW,"DUPLICATE of 'Danbury Woods' — same StoryPoint Cuyahoga Falls campus, same phone/site; MERGE; main 330-928-6757"
cmqqrktp9002urlmbcy445jw3,Danbury Woods,Cuyahoga Falls,chain,330-975-2525,https://www.storypoint.com/community/cuyahoga-falls-oh/,,330-975-2525,Community Specialist (StoryPoint),https://storypoint.com/community/cuyahoga-falls-oh/contact/,LOW,"DUPLICATE of 'Cuyahoga Falls Danbury Woods' — MERGE; same campus/phone/site"
cmqqrkyy9003grlmbc31bx8yt,Maplewood at Cuyahoga Falls,Cuyahoga Falls,chain,234-208-9871,https://www.maplewoodseniorliving.com/cuyahoga-falls-oh/,maplewoodinfo@maplewoodsl.com,234-208-9871,Corporate general inbox (Maplewood),https://www.maplewoodseniorliving.com/cuyahoga-falls-oh/contact/,MEDIUM,"Verified general inbox; ED Rena Scarletto (unverified); alt 234-815-1380"
cmqqrl3gq0040rlmb43pd10ra,Sunrise Assisted Living of Cuyahoga Falls,Cuyahoga Falls,chain,330-929-8500,https://www.sunriseseniorliving.com/communities/oh/sunrise-of-cuyahoga-falls,,330-929-8500,Sales / community general line,https://www.sunriseseniorliving.com/communities/oh/sunrise-of-cuyahoga-falls,LOW,"Sunrise; form+phone only; alt sales 330-333-7260; possible sales Melissa Kolb"
cmqqrkkza001srlmbwjt84vnm,O'Neill Healthcare Fairview Park,Fairview Park,chain,440-808-5500,https://www.oneillhc.com/,Dir.sales@oneillhc.com,440-808-5500,Director of Sales (O'Neill chain inbox),https://oneillhc.com/locations/fairview-park/,MEDIUM,"O'Neill chain sales inbox; central contact line"
cmqqrkgww001arlmbbvzh32kc,Kemper House Highland Heights,Highland Heights,chain,(440) 461-0600,https://kemperhouse.com/highland-heights-assisted-living-houses/,info@kemperhouse.com,(440) 461-0600,Company general inbox,https://kemperhouse.com/contact-us/,MEDIUM,"Verified inbox (covers Highland Heights + Strongsville); memory care"
cmql0xbpv000ur7jcxxgh999r,Vista Springs Ravinia Estate,Independence,chain,(216) 232-4900,https://www.vistaspringsliving.com/vista-springs-ravinia,Leads@VistaSpringsLiving.com,(216) 232-4900,Guest Engagement / Leads inbox (corporate),https://www.vistaspringsliving.com/contact-us,MEDIUM,"Central leads inbox; branded 'Vista Springs Ravinia Village Grand Estate'"
cmqqrkg080016rlmbu76acaxz,Haven at Lakewood,Lakewood,chain,(216) 228-2266,https://npseniorliving.com/communities/haven-lakewood/,havenatlakewood.sales@npseniorliving.com,(216) 228-2266,Community Sales inbox (ED Stephen Kenyon),https://npseniorliving.com/communities/haven-lakewood/,MEDIUM,"Community-specific sales inbox on NP page (better than chain fallback); ED Stephen Kenyon"
cmqqrl761004grlmb23f403x5,Anchor Lodge Limited,Lorain,chain,(440) 244-2019,https://www.sprengerhealthcare.com/location/anchor-lodge-retirement-village/,,(440) 244-2019,Administrator (Janelle Shaw),https://www.sprengerhealthcare.com/location/anchor-lodge-retirement-village/,LOW,"Sprenger; 3756 W Erie Ave; named admin Janelle Shaw, no email; form only"
cmqqrljyy0060rlmbvjs0wgdy,StoryPoint Medina East,Medina,chain,330-590-5647,https://storypoint.com/community/medina-oh/,marketing@csig.com,330-590-5647,Corporate marketing inbox (CSIG),https://www.storypoint.com/community/medina-east-oh/,MEDIUM,"122 Medina Rd; NOT a dup of West (separate campus ~10mi); ED Laureo Pitsinger"
cmqqrlker0062rlmbwi0mpuvs,StoryPoint Medina West,Medina,chain,330-661-9786,https://storypoint.com/community/medina-oh/,marketing@csig.com,330-661-9786,Corporate marketing inbox (CSIG),https://storypoint.com/community/medina-west-oh/,MEDIUM,"635 N Huntington St (formerly Echelon of Medina); adds memory care; separate from East"
cmqqrlat0004wrlmbpm5sct66,Brookdale Mentor,Mentor,chain,440-354-5499,https://www.brookdale.com/en/communities/brookdale-mentor.html,,440-354-5499,Corporate-gated,https://www.brookdale.com/en/communities/brookdale-mentor.html,LOW,"5700 Emerald Court; Brookdale central forms only; no local email"
cmqqrlbal004yrlmbj9pskeq6,Brookdale Newell Creek,Mentor,chain,1-833-204-7948,http://enclaveofnewellcreek.com/,,1-833-204-7948,Corporate-gated (Bridge Senior Living),https://enclaveofnewellcreek.com/contact-us/,LOW,"REBRAND → The Enclave of Newell Creek (Bridge Senior Living), NOT Brookdale; 7900 Center St; UPDATE name/operator"
cmqqrlclc0054rlmb2o5awfyo,Danbury Mentor,Mentor,chain,440-762-7072,https://www.storypoint.com/community/mentor-oh/,marketing@csig.com,440-762-7072,Corporate marketing inbox (CSIG),https://www.storypoint.com/community/mentor-oh/,MEDIUM,"9150 Lakeshore Blvd; CSIG chain inbox applied chain-wide (not separately verified on this page); main 440-701-4560"
cmqqrlfa4005grlmbkwkcolv9,Salida Woods Assisted Living,Mentor,chain,(440) 257-3866,https://npseniorliving.com/communities/salida-woods/,salidawoods.sales@npseniorliving.com,440-257-3866,Community Sales inbox,https://npseniorliving.com/communities/salida-woods/,HIGH,"New Perspective community-specific sales inbox verified on page; 7685 Lakeshore Blvd"
cmql0xbps000sr7jcpmmboica,Symphony at Mentor,Mentor,chain,440-207-9714,https://elegance-living.com/senior-living/oh/mentor/symphony-at-mentor/,,440-207-9714,Corporate web-form only,https://elegance-living.com/senior-living/oh/mentor/symphony-at-mentor/contact/,LOW,"Elegance Living; 8155 Mentor Hills Dr; no email; main 440-256-8320"
cmqqrka8c000irlmb28e0u22z,Brookdale Middleburg Heights,Middleburg Heights,chain,,,kcordek@paramountsl.net,440-887-1125,Admissions & Marketing Mgr (Katie Cordek),https://www.middleburgheightsal.com/,HIGH,"REBRANDED → Middleburg Heights Assisted Living (independent, ex-Paramount); 15435 Bagley Rd; email on legacy paramountsl.net domain — VERIFY routes; UPDATE name"
cmqqrllu60068rlmb2s9y5s9m,Ohman Family Living at Briar,Middlefield,chain,,,info@ohmanfamilyliving.com,440-632-5241,General inbox (mgr Christian Ohman),https://www.ohmanfamilyliving.com/briar/,MEDIUM,"DUPLICATE of 'Briarcliff Manor' (independent row) — same 15950 Pierce St + phone; MERGE"
cmqqrklgi001urlmbljqiw9p7,O'Neill Healthcare North Olmsted,North Olmsted,chain,440-808-5500,https://www.oneillhc.com/,Dir.sales@oneillhc.com,440-808-5500,Director of Sales (O'Neill chain inbox),https://oneillhc.com/locations/north-olmsted/,MEDIUM,"4800 Clague Rd (formerly Wellington Place); Marketing Dir Courtney Navratil"
cmqqrkdko000wrlmbua2b3sjo,Otterbein North Olmsted SeniorLife Community,North Olmsted,chain,,,,440-777-9300,Community main line (Otterbein nonprofit),https://otterbein.org/find-a-location/north-olmsted/,LOW,"Otterbein SeniorLife nonprofit; 30344 Lorain Rd; no email"
cmqqrl80y004krlmb33c3lq4a,Danbury North Ridgeville,North Ridgeville,chain,440-745-7513,https://www.storypoint.com/community/north-ridgeville-oh/,marketing@csig.com,440-745-7513,Corporate marketing inbox (CSIG),https://csig.com/business/senior-living/,MEDIUM,"33770 Bagley Rd; CSIG chain inbox; alt 440-596-3797"
cmp71kmta0024lpioz3wfhely,O'Neill Healthcare North Ridgeville,North Ridgeville,chain,440-808-5500,https://www.oneillhc.com/,Dir.sales@oneillhc.com,440-808-5500,Director of Sales (O'Neill chain inbox),https://oneillhc.com/locations/north-ridgeville/,MEDIUM,"38600 Center Ridge Rd; alt SNF line 440-327-1295"
cmqqrku5t002wrlmbu3agw9px,Majestic Care of Sagamore Hills,Northfield,chain,,,,330-908-1166,Community main line (Majestic Care),https://www.majesticcare.com/location/sagamore-hills-assisted-living/,LOW,"Majestic Care chain; Sagamore Hills/Northfield; no email"
cmqqrkinf001irlmbmyyu5cc2,Legacy Place - Parma,Parma,chain,,https://www.lhshealth.com/facility-locations/legacy-place-parma/,info@lhshealth.com,440-845-0200,Chain corporate inbox (LHS),https://www.lhshealth.com/facility-locations/legacy-place-parma/,MEDIUM,"Legacy Health Services; 7377 Ridge Rd"
cmqqrkan6000krlmbtn4gcgzn,Brookdale Richmond Heights,Richmond Heights,chain,,,,216-291-6140,Community main line,https://www.aplaceformom.com/community/richmond-heights-place-154011,LOW,"LIKELY REBRANDED → Richmond Heights Place; 3 Homewood Way; confirm operator; no email"
cmql0xbp9000gr7jcpmm4c9ps,Bloom at Rocky River,Rocky River,chain,440-356-9797,https://bloomseniorliving.com/bloom-at-rocky-river/,cdecker@bloomseniorliving.com,440-356-9797,Executive Director (Christa Decker),https://bloomseniorliving.com/bloom-at-rocky-river/team/,MEDIUM,"Christa Decker ED confirmed on team page; matches prior known contact; exact string not published on-page so MEDIUM"
cmql0xbpf000kr7jcv2k2xxq6,Embassy of Rockport,Rocky River,chain,440-356-5444,https://embassyhealthcare.net/locations/ohio/rockport,,440-356-5444,Community main line (corporate-gated),https://embassyhealthcare.net/locations/ohio/rockport,LOW,"Embassy Healthcare; aka Rockport Retirement Community; 20375 Center Ridge Rd; form only; Mktg Dir Kitty Kadas (no verifiable email)"
cmql0xbpc000ir7jc3zf5c77q,Meadow Falls of Rocky River,Rocky River,chain,,https://meadowfallsseniorliving.com/rocky-river/,info@meadowfallsseniorliving.com,440-356-2282,Chain-wide general inbox,https://meadowfallsseniorliving.com/rocky-river/,MEDIUM,"= former Harbor Court / Rocky River Village, 22900 Center Ridge Rd; DUPLICATE of independent 'Harbor Court Retirement Community' — MERGE"
cmqqrko6c0026rlmbp4r307ll,Sunrise at Shaker Heights,Shaker Heights,chain,,,,216-751-0930,Community main line,https://www.sunriseseniorliving.com/,LOW,"LIKELY DUPLICATE/DEFUNCT — same address (16333 Chagrin Blvd) + phone as 'The Woodlands of Shaker Heights' (independent row); verify it still exists before publishing"
cmql0xboz000ar7jcfnjgumpm,Solon Pointe,Solon,chain,440.498.3000,https://solonpointehc.com/,info@solonpointehc.com,440-498-3000,Community general inbox,https://solonpointehc.com/contact-us/,MEDIUM,"CommuniCare; 5625 Emerald Ridge Pkwy; SNF+AL+MC; DUPLICATE of 'Solon Pointe at Emerald Ridge' — MERGE"
cmqqrkna30022rlmb9tsdrvzm,Solon Pointe at Emerald Ridge,Solon,chain,440.498.3000,https://solonpointehc.com/,info@solonpointehc.com,440-498-3000,Community general inbox,https://solonpointehc.com/contact-us/,MEDIUM,"DUPLICATE of 'Solon Pointe' — same name/address/phone/site; MERGE"
cmql0xbp3000cr7jc64422ikt,Vitalia Active Adult - Solon,Solon,chain,(440) 264-2465,https://vitaliasolon.com/,,440-264-2465,ED Jessica Pope / Sr Living Dir Rachel Worthington,https://vitaliasolon.com/our-team/,LOW,"Arrow Senior Living; 6050 Kruse Dr; named ED + sales, no published email; phone-first"
cmqqrkrtz002mrlmbmx9iuuvz,Brookdale Stow,Stow,chain,,,info@edenvistastow.com,(330) 342-0934,Community general inbox (Vista Senior Living),https://www.edenvistastow.com/,MEDIUM,"REBRANDED → Eden Vista Stow (Vista Senior Living Mgmt), 5511 Fishcreek Rd; FKA Landing of Stow; UPDATE name; verified inbox"
cmqqrl5vf004arlmbvo29zmy0,Vitalia Stow,Stow,chain,(330) 922-3737,https://vitaliastow.com/,,(330) 922-3737,Sr Living Dir Heather Brenneman / ED Katie Metzger,https://vitaliastow.com/our-team/,LOW,"Arrow/Vitalia; named ED + sales, no published email; phone-first"
cmqqrke4u000yrlmbsw9g2kqt,Generations Senior Living of Strongsville,Strongsville,chain,,https://www.generationshcm.com/strongsville-ohio-assisted-independent-living,,(440) 238-3600,Community Relations Dir (Lillian Morris) / ED Maureen Rizzo,https://generationshcm.com/assisted-and-independent-living/assisted-living-strongsville/,LOW,"Generations HCM; named sales + ED, email gated; corp 440-243-5668"
cmqqrkh90001crlmbnexxgwqj,Kemper House Strongsville,Strongsville,chain,(440) 846-1100,https://kemperhouse.com/strongsville-assisted-living-house/,info@kemperhouse.com,(440) 846-1100,Chain general inbox,https://kemperhouse.com/strongsville-assisted-living-house/,MEDIUM,"Kemper House; 10890 Prospect Rd; memory care"
cmql0xbpj000mr7jctdsu6m7n,Vitalia Strongsville,Strongsville,chain,(440) 878-3737,https://vitaliastrongsville.com/,,(440) 878-3737,Regional ED (Danielle Kencson); sales seat vacant,https://vitaliastrongsville.com/our-team/,LOW,"Arrow/Vitalia; no published email; sales role currently open"
cmqqrkxjg003arlmbw6qywbk9,Heather Knoll Retirement Village,Tallmadge,chain,(330) 688-8600,https://www.sprengerhealthcare.com/location/heather-knoll-nursing-and-rehabilitation/,,(330) 688-8600,Facility main line,https://www.sprengerhealthcare.com/location/heather-knoll-nursing-and-rehabilitation/,LOW,"Sprenger; primarily SKILLED NURSING/rehab — weak AL fit, FLAG; form only"
cmqqrkvmc0032rlmbkh1p0yvh,Grande Village Suites,Twinsburg,chain,,https://www.sprengerhealthcare.com/,,330-486-6041,Community AL (Suites) main line,https://www.sprengerhealthcare.com/location/grande-village/,LOW,"Sprenger; AL on Grande Village campus, 2610 E Aurora Rd; distinct line from Villas; sibling not dup; form only"
cmqqrkw4n0034rlmbo63z84tu,Grande Village Villas,Twinsburg,chain,,https://www.sprengerhealthcare.com/,,330-998-7590,Community AL (Villas) main line,https://www.sprengerhealthcare.com/location/grande-village/,LOW,"Same Grande Village campus as Suites; separate AL unit + line; sibling, not true dup; form only"
cmqqrkyi2003erlmbg1lq5e3x,Legacy Place - Twinsburg,Twinsburg,chain,,,info@lhshealth.com,330-405-6040,Corporate inbox (LHS),https://lhshealth.com/,MEDIUM,"Legacy Health Services; 9928 Vail Dr — SAME address as Canterbury Commons (independent row); verify relationship/possible dup; AL co-located w/ SNF"
cmqqrkze8003irlmbe65ithsz,Maplewood at Twinsburg,Twinsburg,chain,330-840-7404,https://www.maplewoodseniorliving.com/twinsburg-ohio/,twinsburged@maplewoodsl.com,330-840-7404,Senior Executive Director (Rebecca Lichtenberg),https://www.maplewoodseniorliving.com/twinsburg-ohio/,HIGH,"Role-based ED alias; chain fallback maplewoodinfo@maplewoodsl.com"
cmqqrk81j0008rlmb8srkxbq9,Arden Courts of Westlake,Westlake,chain,440-643-4177,https://www.arden-courts.com/communities/westlake,,440-643-4177,Community main line (memory care),https://www.arden-courts.com/communities/westlake/,LOW,"28400 Center Ridge Rd; memory care; form only; legacy promedica.org defunct"
cmqqrk9s8000grlmbxmmwyeo8,Brookdale Gardens at Westlake,Westlake,chain,440-892-4200,https://www.brookdale.com/en/communities/brookdale-westlake-village.html,,440-892-4200,Community main line,https://www.brookdale.com/en/communities/brookdale-westlake-village.html,LOW,"= Brookdale Gardens at Westlake, 27569 Detroit Rd; this 440-892-4200 belongs to Gardens (NOT the CCRC); distinct from Brookdale Westlake Village; corporate-gated"
cmp71kmrm000olpioccjvivto,Brookdale Westlake Village,Westlake,chain,,,,,Corporate-gated (verify local line),https://www.brookdale.com/en/communities/brookdale-westlake-village.html,LOW,"Brookdale CCRC at 28550 Westlake Village Dr; NOT a dup of Brookdale Gardens (different address); 440-892-4200 is Gardens' line — confirm this CCRC's own number; corporate-gated"
cmp71kms00010lpioocxlagik,Concord Reserve (Paragon Building),Westlake,chain,,,,(440) 871-0090,Community main line (Life Enriching Communities),https://lec.org/communities/concord-reserve/contact-us/,LOW,"Open CCRC, 2116 Dover Center Rd; LEC nonprofit (FKA Lutheran Home at Concord Reserve); Paragon = AL building; historical VP Mktg connie.kingsbury@lec.org (2020, RE-VERIFY before use)"
cmql0xbp6000er7jcserqwkph,Fairmont of Westlake,Westlake,chain,,https://www.fairmontseniorliving.com/westlake-oh/,,(440) 808-0074,Community main line,https://fairmontwestlake.com/contact/,LOW,"Fairmont Senior Living; 27819 Center Ridge Rd; AL+MC; community site fairmontwestlake.com; contact form, no published email found"
cmqqrlbrc0050rlmbdpf37w19,Brookdale Wickliffe,Wickliffe,chain,,,info@meadowfallsseniorliving.com,(440) 943-2050,Chain general inbox (Meadow Falls),https://meadowfallsseniorliving.com/wickliffe/,MEDIUM,"REBRANDED → Meadow Falls of Wickliffe, 30630 Ridge Rd; UPDATE name; NOT a dup of Brookdale Willoughby"
cmqqrlc5m0052rlmbbocwczdc,Brookdale Willoughby,Willoughby,chain,,https://www.brookdale.com/en/communities/brookdale-wickliffe.html,info@mapleridgeseniorliving.com,(440) 269-8600,Verified community inbox (Maple Ridge / Vista),https://www.mapleridgeseniorliving.com/contact-us/,MEDIUM,"REBRANDED → Maple Ridge Senior Living (Vista), 35300 Kaiser Ct; on-file website URL is WRONG (points to brookdale-wickliffe); NOT a dup of Brookdale Wickliffe"
